1,130000,2/1/2019,Listed
1,90000,11/24/2008,Sold
1,125000,8/25/2004,Sold
1,96000,9/26/2000,Sold
2,114900,1/22/2019,Listed
2,51500,11/14/2011,Sold
3,120000,2/9/2019,Listed
4,100000,2/8/2019,Listed
4,91000,8/30/2002,Sold
5,119990,2/6/2019,Listed
6,132500,2/6/2019,Listed
6,122500,1/18/2019,Sold
6,122500,12/12/2018,Sold
6,125000,11/6/2018,Relisted
6,125000,10/18/2018,Listed
6,104999,6/5/2010,Listed
6,104999,5/5/2010,Price Changed
6,109500,3/31/2010,Price Changed
7,115000,2/4/2019,Listed
8,114500,2/1/2019,Listed
8,48500,1/3/2013,Sold
8,48500,11/7/2012,Sold
8,49900,10/8/2012,Relisted
8,49900,8/29/2012,Listed
9,128500,1/29/2019,Listed
9,121000,12/30/2005,Sold
10,119500,1/25/2019,Listed
10,109500,2/16/2017,Sold
10,109500,1/22/2017,Price Changed
10,114900,10/18/2016,Listed
10,114900,9/1/2016,Listed
11,125000,1/24/2019,Listed
12,127500,2/6/2019,Price Changed
12,129900,1/23/2019,Listed
13,129900,2/8/2019,Price Changed
13,135000,1/23/2019,Listed
13,102000,5/30/2008,Sold
13,105000,5/18/2007,Listed
14,125000,2/4/2019,Listed
14,137000,7/8/2002,Sold
14,58500,12/1/1995,Sold
14,53200,6/1/1990,Sold
14,54900,4/30/1990,Sold
15,124900,1/21/2019,Listed
15,124900,11/12/2018,Price Changed
15,129900,9/21/2018,Listed
15,63000,10/14/2010,Sold
15,65000,8/20/2010,Price Changed
15,69500,7/27/2010,Listed
15,100000,2/17/2004,Sold
15,80000,12/7/2001,Sold
16,124900,1/18/2019,Listed
16,89900,10/17/2009,Price Changed
16,99000,8/25/2009,Price Changed
16,110000,5/15/2009,Listed
16,93000,3/29/2001,Sold
16,87600,9/8/2000,Sold
17,110000,1/18/2019,Listed
17,105000,6/26/2018,Listed
18,115000,1/18/2019,Listed
18,102000,9/29/2004,Sold
18,41050,8/14/1992,Sold
19,123500,1/17/2019,Listed
19,94900,7/15/1997,Sold
19,79500,2/1/1994,Sold
20,107500,1/11/2019,Listed
21,118750,1/11/2019,Listed
22,106000,1/29/2019,Listed
22,123000,12/20/2012,Sold
22,123000,1/30/2012,Listed
22,137000,3/30/2004,Sold
22,88297,8/21/2003,Sold
23,121900,1/29/2019,Listed
23,53000,12/26/1995,Sold
24,115000,1/28/2019,Listed
24,75000,4/22/2016,Listed
25,110900,1/25/2019,Price Changed
25,114500,1/5/2019,Listed
25,87900,5/1/2002,Sold
26,105000,1/4/2019,Listed
26,112000,10/28/2005,Sold
26,39000,2/2/1995,Sold
28,134900,1/31/2019,Price Changed
28,139900,1/23/2019,Price Changed
28,143900,12/19/2018,Listed
28,103000,10/20/2014,Sold
28,103000,6/27/2013,Sold
28,99900,5/23/2013,Sold
28,99900,5/11/2013,Listed
28,98900,3/18/2011,Sold
29,124900,1/20/2019,Listed
30,109900,1/18/2019,Listed
30,109900,12/12/2018,Listed
30,110900,8/30/2017,Sold
30,110900,6/20/2017,Listed
31,129800,12/18/2018,Listed
31,48000,8/30/2002,Sold
32,129900,1/17/2019,Listed
33,128500,12/17/2018,Listed
34,124900,1/21/2019,Relisted
34,124900,1/15/2019,Listed
35,115000,1/14/2019,Listed
36,130000,1/14/2019,Listed
36,99900,4/10/2017,Sold
36,99900,2/24/2017,Listed
37,125000,1/31/2019,Relisted
38,105000,1/14/2019,Listed
38,90000,9/28/2000,Sold
38,72000,7/24/1996,Sold
38,67500,3/3/1995,Sold
38,44250,8/12/1993,Sold
39,110000,12/12/2018,Listed
39,125000,6/19/2003,Sold
40,124900,12/4/2018,Listed
41,114900,1/11/2019,Listed
42,119900,1/30/2019,Relisted
42,119900,1/10/2019,Listed
42,60800,8/29/2014,Sold
42,59000,7/24/2014,Listed
43,119000,1/10/2019,Listed
43,36000,7/15/2011,Sold
43,34900,6/17/2011,Listed
43,80000,4/4/2006,Sold
43,99000,7/23/2004,Sold
43,63500,8/18/2000,Sold
43,49000,3/22/1999,Sold
43,37800,4/28/1993,Sold
44,129900,1/9/2019,Listed
44,70000,11/20/2018,Sold
44,114900,7/23/2007,Listed
45,134900,1/9/2019,Listed
45,34900,10/10/1997,Sold
45,43182,10/14/1993,Sold
46,117900,1/25/2019,Relisted
46,117900,1/8/2019,Listed
46,114000,7/2/2009,Sold
46,123000,9/11/2007,Sold
46,74900,4/20/1999,Sold
46,69500,12/18/1997,Sold
46,65000,6/17/1997,Sold
47,134900,1/4/2019,Listed
47,95000,2/19/2018,Sold
47,94500,2/26/2002,Sold
47,42900,3/2/1990,Sold
48,129900,1/24/2019,Relisted
48,129900,12/19/2018,Listed
48,127850,12/18/2001,Sold
49,117500,2/2/2019,Relisted
49,117500,1/3/2019,Listed
49,37000,4/24/2012,Sold
49,57000,2/28/2012,Listed
49,57000,1/3/2012,Price Changed
49,62000,12/3/2011,Price Changed
49,67000,11/5/2011,Price Changed
49,72000,10/15/2011,Price Changed
50,125000,1/3/2019,Listed
51,104900,1/23/2019,Relisted
51,104900,12/22/2018,Listed
51,115900,3/16/2005,Sold
52,134600,1/21/2019,Relisted
52,134600,1/8/2019,Price Changed
52,134700,11/19/2018,Listed
52,141000,9/5/2018,Listed
52,144750,5/17/2018,Listed
53,125000,1/22/2019,Relisted
53,125000,12/29/2018,Listed
53,53000,5/28/2010,Sold
54,100000,2/4/2019,Price Changed
54,105000,11/6/2018,Listed
54,53600,9/16/2015,Sold
54,53600,11/7/2013,Sold
54,62789,11/6/2013,Sold
54,62789,9/5/2013,Listed
54,87250,2/22/2002,Sold
54,62600,5/17/1999,Sold
55,129900,2/11/2019,Price Changed
55,149900,1/22/2019,Price Changed
55,134900,12/2/2018,Price Changed
55,144900,11/17/2018,Price Changed
55,149900,11/7/2018,Price Changed
55,159900,10/29/2018,Listed
57,134900,12/20/2018,Listed
57,92500,3/15/2012,Sold
57,114900,2/7/2008,Listed
57,131000,8/3/2006,Sold
57,129900,5/22/2006,Listed
57,125444,11/14/2003,Sold
57,129900,8/5/2003,Listed
57,92500,10/9/2001,Sold
60,120000,1/4/2019,Relisted
60,120000,10/14/2018,Listed
60,120000,6/1/2018,Listed
60,54900,6/6/2011,Sold
60,54900,4/16/2011,Listed
60,94500,11/8/2009,Price Changed
60,114900,12/1/2008,Listed
60,93000,3/12/2003,Sold
61,129900,1/30/2019,Price Changed
61,119900,12/13/2018,Listed
61,77000,11/7/2018,Sold
62,129900,12/11/2018,Listed
63,119900,12/7/2018,Listed
63,124750,6/28/2006,Sold
63,112500,1/17/2003,Sold
63,48000,10/14/1993,Sold
63,59000,1/4/1990,Sold
64,123000,12/6/2018,Listed
64,107450,9/27/2002,Sold
64,109900,8/23/2002,Listed
65,115000,11/16/2018,Listed
66,119000,8/26/2018,Listed
67,118000,11/19/2018,Listed
67,124900,10/24/2001,Sold
67,103000,7/7/2000,Sold
68,123900,11/2/2018,Listed
68,79900,7/29/2016,Sold
68,79900,5/10/2016,Listed
68,62500,3/26/2014,Sold
68,64900,3/18/2014,Sold
68,649000,2/25/2014,Listed
68,64500,10/25/1999,Sold
69,119900,1/31/2019,Price Changed
69,125000,10/16/2018,Listed
69,89900,8/18/2017,Sold
69,89900,6/8/2017,Listed
70,120000,11/1/2018,Listed
70,44000,2/25/2010,Sold
70,25526,9/30/2008,Sold
70,600000,3/18/2003,Sold
70,460000,2/14/2002,Sold
71,135000,2/11/2019,Listed
71,137500,3/28/2007,Sold
71,137500,2/23/2007,Sold
71,144900,11/2/2006,Listed
72,135000,2/11/2019,Listed
72,119900,4/30/2018,Sold
72,119900,3/20/2018,Listed
72,90500,10/5/2001,Sold
73,142500,2/5/2019,Listed
73,71500,9/15/2010,Sold
73,79900,7/20/2010,Listed
73,29500,4/22/2010,Sold
74,139900,2/7/2019,Listed
74,30000,4/2/1996,Sold
75,136000,2/4/2019,Listed
75,155606,11/24/2015,Sold
75,140183,9/24/2010,Sold
75,140183,6/16/2010,Listed
75,104900,9/16/2009,Sold
75,104900,3/5/2009,Listed
75,175000,9/7/2007,Sold
75,64000,6/14/2007,Sold
76,135000,2/8/2019,Listed
76,103000,9/24/2016,Sold
76,94900,8/21/2016,Sold
76,94900,8/11/2016,Listed
76,42000,3/9/1995,Sold
76,46600,12/31/1991,Sold
77,140000,1/29/2019,Listed
77,104900,8/18/2014,Sold
77,104900,6/12/2014,Listed
78,138900,1/25/2019,Listed
78,128000,7/26/2018,Sold
78,135000,3/26/2018,Listed
78,109000,5/15/2002,Sold
79,139900,1/24/2019,Listed
79,63000,8/6/1998,Sold
80,139900,1/24/2019,Listed
80,149900,3/23/2016,Listed
80,134900,2/12/2009,Listed
81,139000,1/17/2019,Listed
81,125600,8/6/2004,Sold
81,73600,7/14/2000,Sold
82,139900,1/11/2019,Listed
82,119900,2/9/2018,Sold
82,119900,12/27/2017,Sold
82,119900,11/13/2017,Listed
82,98000,4/18/2001,Sold
83,139900,1/11/2019,Listed
84,135000,1/4/2019,Listed
84,52700,9/20/2013,Sold
84,53000,9/5/2013,Sold
84,54900,8/23/2013,Price Changed
84,59900,8/5/2013,Relisted
84,65000,6/7/2013,Listed
84,64893,4/19/2013,Price Changed
84,69800,3/17/2013,Price Changed
85,135000,1/24/2019,Listed
86,139900,1/23/2019,Listed
86,75000,6/3/2015,Sold
86,125000,6/14/2005,Sold
87,139000,1/21/2019,Listed
87,134900,6/24/2003,Sold
87,42000,4/8/1998,Sold
88,139900,2/6/2019,Price Changed
88,145000,12/19/2018,Listed
88,44000,12/1/2011,Sold
88,57500,11/12/2011,Price Changed
88,64900,9/12/2011,Listed
89,135000,2/5/2019,Relisted
89,135000,1/11/2019,Listed
89,139900,2/25/2005,Sold
89,87500,12/29/2000,Sold
89,60190,12/11/1998,Sold
89,57320,4/30/1993,Sold
89,57600,5/31/1990,Sold
90,139900,1/9/2019,Listed
90,129900,6/9/2005,Sold
90,107000,7/16/2003,Sold
90,70000,4/5/2001,Sold
91,139900,1/11/2019,Price Changed
91,147900,1/2/2019,Price Changed
91,149900,12/20/2018,Price Changed
91,152500,12/11/2018,Price Changed
91,155000,12/1/2018,Listed
92,139777,2/5/2019,Relisted
92,139777,1/18/2019,Price Changed
92,144777,1/7/2019,Listed
92,94163,11/6/2018,Sold
93,137000,1/15/2019,Price Changed
93,139500,1/11/2019,Price Changed
93,139900,1/2/2019,Listed
93,95000,11/2/2015,Sold
93,95000,9/11/2015,Sold
93,96500,6/16/2015,Price Changed
93,99500,5/27/2015,Price Changed
93,109900,4/18/2015,Listed
94,139900,1/22/2019,Relisted
94,139900,12/24/2018,Listed
95,139000,12/17/2018,Listed
96,139900,10/8/2018,Listed
97,144900,12/14/2018,Listed
97,113000,8/5/2015,Sold
97,125900,6/19/2015,Listed
98,139900,1/15/2019,Relisted
98,139900,10/8/2018,Listed
99,141500,12/6/2018,Listed
99,94900,7/12/2013,Sold
99,75000,3/15/2012,Sold
99,109900,2/13/2010,Relisted
99,109900,11/4/2009,Listed
99,109900,7/22/2009,Listed
99,119500,1/27/2009,Listed
99,129900,9/9/2008,Listed
100,138500,9/13/2018,Listed
100,88500,12/21/2016,Sold
100,99900,8/29/2016,Price Changed
100,104900,6/23/2016,Listed
100,35000,7/27/2013,Sold
100,35000,6/13/2013,Listed
101,144000,11/20/2018,Listed
101,124900,9/17/2015,Sold
101,124900,6/18/2015,Sold
101,124900,5/6/2015,Listed
101,124900,10/30/2001,Sold
101,98000,11/16/1999,Sold
102,139900,11/13/2018,Listed
102,69900,3/16/2010,Listed
102,90000,4/1/2004,Sold
102,52400,2/24/1999,Sold
102,35000,4/2/1997,Sold
103,135000,2/6/2019,Price Changed
103,79900,8/15/2018,Relisted
103,79900,8/9/2018,Listed
103,220000,8/6/2010,Price Changed
103,222500,6/8/2010,Price Changed
103,229500,3/4/2010,Price Changed
103,234900,1/23/2010,Listed
103,242300,7/19/2005,Sold
104,139900,10/26/2018,Listed
104,123000,4/11/2005,Sold
105,144500,2/11/2019,Relisted
105,144500,2/6/2019,Relisted
105,157000,1/19/2019,Relisted
105,157000,1/3/2019,Relisted
105,163000,8/23/2018,Relisted
105,165500,7/27/2018,Price Changed
105,169500,7/16/2018,Relisted
105,179900,6/28/2018,Relisted
106,138900,2/4/2019,Price Changed
106,139900,12/11/2018,Price Changed
106,142900,12/7/2018,Price Changed
106,144900,11/27/2018,Price Changed
106,145900,11/20/2018,Price Changed
106,146900,11/13/2018,Price Changed
106,148900,10/30/2018,Price Changed
106,149900,10/23/2018,Price Changed
107,139900,1/24/2019,Price Changed
107,151500,11/5/2018,Price Changed
107,179900,10/1/2018,Price Changed
107,189900,4/4/2018,Listed
107,172800,10/2/2006,Sold
107,147900,1/20/2006,Sold
107,118000,10/14/2005,Sold
108,142900,2/6/2019,Price Changed
108,143000,6/25/2015,Sold
108,143900,5/16/2015,Price Changed
108,144400,5/9/2015,Price Changed
108,144900,4/27/2015,Price Changed
108,149900,12/25/2014,Listed
108,169900,8/28/2014,Price Changed
108,164900,8/25/2014,Price Changed
109,149000,2/12/2019,Listed
109,144900,7/14/2004,Sold
109,122500,7/8/2002,Sold
110,149900,2/10/2019,Listed
111,150000,2/11/2019,Listed
111,90000,8/20/2015,Sold
111,94900,7/7/2015,Listed
111,86000,11/12/2009,Sold
111,95000,9/4/2009,Listed
112,149900,2/11/2019,Relisted
112,163277,4/20/2007,Sold
112,102900,5/15/2003,Sold
112,123000,9/27/2001,Sold
112,78000,1/25/2001,Sold
112,43500,10/10/1997,Sold
113,154900,2/8/2019,Listed
114,150000,2/7/2019,Listed
114,99900,6/18/2008,Sold
115,149900,2/8/2019,Listed
115,145000,11/17/2006,Sold
116,149900,1/26/2019,Price Changed
116,129900,1/25/2019,Listed
116,580000,3/8/2016,Sold
116,580000,5/15/2013,Sold
116,23000,3/9/2010,Sold
116,28500,1/28/2010,Relisted
116,28500,12/20/2009,Relisted
116,29900,11/17/2009,Listed
117,149900,1/9/2019,Listed
117,42000,11/28/2011,Sold
117,40000,11/19/2011,Price Changed
117,49000,9/9/2011,Price Changed
117,54000,8/23/2011,Listed
117,70000,7/1/2011,Listed
117,124900,5/31/2011,Sold
117,139900,3/5/2009,Price Changed
118,145000,11/16/2018,Listed
118,35000,10/12/2015,Sold
118,36575,6/19/2015,Sold
118,51940,4/3/2015,Listed
118,81000,12/26/2003,Sold
118,65000,12/21/2000,Sold
119,147000,12/17/2018,Listed
119,184000,9/11/2006,Sold
119,189900,9/7/2006,Listed
119,189900,7/7/2006,Listed
119,212900,5/17/2006,Listed
119,219900,1/9/2006,Listed
119,229900,10/6/2005,Listed
119,145000,7/23/2002,Sold
120,154900,2/6/2019,Price Changed
120,163000,11/29/2018,Listed
120,21400,6/8/2012,Sold
120,155000,3/5/2007,Sold
121,154900,2/8/2019,Price Changed
121,159900,10/25/2018,Listed
121,54639,8/26/2016,Sold
121,61500,6/30/2016,Listed
121,120500,1/19/2005,Sold
121,84000,7/3/2000,Sold
121,36500,8/11/1995,Sold
122,149900,1/23/2019,Listed
122,114000,1/22/2004,Sold
122,25900,3/31/1992,Sold
123,145000,9/19/2018,Listed
123,160000,1/26/2005,Sold
123,24000,8/13/1993,Sold
124,148400,2/5/2019,Price Changed
124,149900,12/26/2018,Listed
124,70000,11/7/2008,Sold
124,152000,4/18/2005,Sold
124,103100,6/8/2004,Sold
124,65352,12/18/2001,Sold
124,54000,1/26/2000,Sold
125,145900,2/1/2019,Listed
125,45900,10/14/2008,Sold
125,189900,9/26/2006,Sold
125,149000,3/31/2005,Sold
126,149900,1/30/2019,Listed
126,35500,12/19/2012,Sold
126,43900,11/26/2012,Price Changed
126,49500,10/8/2012,Listed
126,128750,9/19/2002,Sold
126,52000,12/14/1995,Sold
126,27000,1/26/1994,Sold
127,154900,12/21/2018,Listed
127,169900,5/3/2018,Price Changed
127,184900,6/1/2017,Listed
128,150000,1/28/2019,Listed
129,154900,1/14/2019,Listed
129,75000,6/30/2009,Sold
129,78900,4/4/2009,Price Changed
129,92900,3/5/2009,Price Changed
129,124900,1/21/2009,Listed
129,170000,4/28/2006,Sold
130,145500,1/31/2019,Listed
130,126000,11/7/2017,Sold
130,134900,1/7/2017,Listed
130,129900,9/1/2016,Listed
130,129900,7/27/2016,Price Changed
130,134900,6/20/2016,Listed
130,134900,6/17/2016,Relisted
130,134900,5/26/2016,Price Changed
131,147000,2/2/2019,Price Changed
131,150000,1/25/2019,Relisted
131,150000,11/15/2018,Relisted
131,150000,11/6/2018,Relisted
131,119900,9/7/2006,Sold
131,119900,7/21/2006,Sold
131,121900,6/23/2006,Listed
132,149500,1/21/2019,Price Changed
132,155000,11/27/2018,Listed
133,152000,1/17/2019,Price Changed
133,155000,11/25/2018,Listed
133,142600,11/13/2018,Sold
134,150000,1/22/2019,Listed
134,123900,5/23/2002,Sold
134,111500,7/24/2001,Sold
134,97000,1/4/2000,Sold
135,150000,12/28/2018,Listed
135,102000,12/22/2010,Sold
135,108000,10/27/2010,Listed
135,44000,11/3/1992,Sold
136,148000,2/1/2019,Listed
137,153000,1/9/2019,Price Changed
137,155000,11/12/2018,Price Changed
137,159000,10/16/2018,Price Changed
137,165000,10/13/2018,Price Changed
137,170000,10/5/2018,Listed
137,159900,9/25/2017,Sold
137,159900,9/19/2017,Sold
137,165000,7/21/2017,Listed
138,149900,2/6/2019,Price Changed
138,155000,1/24/2019,Listed
139,150000,1/6/2019,Listed
139,144900,8/15/2016,Price Changed
139,149900,7/8/2016,Relisted
139,114800,4/14/2014,Sold
139,122900,3/7/2014,Price Changed
139,132900,2/3/2014,Price Changed
139,142900,1/3/2014,Price Changed
139,149900,11/25/2013,Price Changed
140,146000,1/9/2019,Price Changed
140,150000,12/2/2018,Listed
140,149000,2/2/2017,Sold
140,149000,11/20/2016,Listed
140,58811,9/29/2016,Sold
140,56700,9/15/2016,Sold
140,78000,6/6/2011,Sold
140,79900,5/19/2011,Price Changed
141,149900,1/30/2019,Relisted
141,149900,1/14/2019,Price Changed
141,159900,12/20/2018,Listed
141,58200,7/6/2018,Sold
142,145000,1/3/2019,Price Changed
142,145,12/19/2018,Listed
142,145000,11/28/2017,Price Changed
142,149900,11/5/2017,Listed
142,44512,9/29/1997,Sold
142,49400,11/29/1993,Sold
143,150000,12/3/2018,Listed
143,164000,6/28/2006,Sold
144,150000,1/10/2019,Listed
144,150000,11/28/2018,Price Changed
144,159900,9/18/2018,Price Changed
144,165000,8/24/2018,Relisted
144,135000,2/13/2007,Sold
144,176586,12/14/2006,Sold
145,149900,11/30/2018,Listed
145,121000,9/6/2016,Sold
145,122900,8/9/2016,Sold
145,122900,7/27/2016,Listed
145,53479,5/31/2016,Sold
146,149900,1/11/2019,Listed
146,129000,1/3/2014,Sold
146,135000,12/16/2013,Sold
146,135000,9/18/2013,Listed
146,135000,9/18/2013,Listed
146,135000,9/18/2013,Listed
146,145000,2/13/2010,Relisted
146,145000,7/21/2009,Price Changed
147,149900,1/15/2019,Listed
147,137582,10/9/2018,Sold
147,137875,8/29/2018,Sold
147,139000,8/27/2018,Sold
147,139000,6/21/2018,Listed
147,137000,6/7/2006,Sold
147,99500,9/11/2000,Sold
148,154000,2/1/2019,Price Changed
148,158900,1/2/2019,Listed
148,160000,12/4/2018,Listed
148,56000,3/23/2011,Sold
148,55900,3/8/2011,Price Changed
148,61900,11/29/2010,Listed
148,169000,11/16/2006,Sold
149,145000,1/7/2019,Listed
149,110861,12/10/2015,Sold
149,110860,10/26/2015,Sold
149,109000,9/10/2015,Sold
149,111000,8/18/2015,Price Changed
149,109000,8/10/2015,Price Changed
149,113000,8/3/2015,Listed
149,135000,2/18/2004,Sold
150,149900,12/26/2018,Listed
150,87350,10/29/2018,Sold
150,52000,10/28/1991,Sold
151,149900,1/25/2019,Listed
151,112500,7/20/2016,Sold
151,115000,5/19/2016,Listed
151,105000,10/2/2014,Price Changed
151,110000,7/12/2014,Listed
151,127250,11/18/2004,Sold
151,55900,10/5/1993,Sold
153,149900,1/23/2019,Price Changed
153,159900,10/12/2018,Price Changed
153,169900,9/10/2018,Price Changed
153,179900,8/24/2018,Listed
154,154900,1/17/2019,Price Changed
154,159900,11/12/2018,Price Changed
154,164900,11/6/2018,Price Changed
154,169900,11/1/2018,Price Changed
154,179900,10/29/2018,Price Changed
154,189900,10/26/2018,Listed
154,30500,10/12/2011,Sold
154,35000,7/14/2011,Listed
155,150000,11/5/2018,Listed
155,189900,6/30/2018,Price Changed
155,199000,5/16/2018,Price Changed
155,214900,1/5/2018,Listed
155,47500,3/15/2012,Sold
155,103500,11/18/2009,Sold
155,94900,10/27/2009,Listed
155,194000,11/16/2006,Listed
156,149900,1/23/2019,Price Changed
156,159900,11/30/2018,Price Changed
156,169900,11/1/2018,Listed
156,193000,7/10/2006,Sold
157,149900,2/8/2019,Price Changed
157,155000,12/11/2018,Relisted
157,160000,11/6/2018,Listed
157,149900,8/18/2015,Listed
157,144900,4/10/2015,Price Changed
157,149900,8/27/2014,Relisted
157,149900,7/29/2014,Price Changed
157,152900,6/16/2014,Price Changed
158,148000,11/28/2018,Listed
158,82000,2/4/1999,Sold
158,49000,7/26/1991,Sold
159,147000,1/21/2019,Relisted
159,147000,11/28/2018,Price Changed
159,150000,9/18/2018,Relisted
159,150000,8/7/2018,Listed
159,129000,2/13/2010,Relisted
159,129000,7/1/2009,Listed
159,129000,6/10/2008,Listed
159,125000,10/9/2003,Sold
161,159900,2/9/2019,Listed
161,60000,4/14/2015,Sold
161,54900,2/11/2015,Listed
161,65900,4/27/2010,Listed
162,159900,2/6/2019,Listed
162,325000,5/4/2005,Sold
163,159900,2/7/2019,Listed
163,104900,11/6/2012,Sold
163,104900,8/20/2012,Listed
164,159900,2/5/2019,Listed
164,76900,5/9/2012,Sold
164,75000,3/25/1994,Sold
164,76900,4/9/1993,Sold
164,77900,1/16/1993,Listed
165,159900,2/6/2019,Listed
165,133000,4/25/2014,Sold
165,135000,4/19/2014,Sold
165,135000,3/10/2014,Listed
166,160000,2/8/2019,Listed
166,117000,7/1/2016,Sold
166,120000,5/19/2016,Listed
167,155000,2/7/2019,Listed
167,148900,12/22/2004,Sold
167,99000,8/7/2000,Sold
167,79000,6/3/1999,Sold
167,69900,5/30/1990,Sold
168,159900,1/23/2019,Price Changed
168,169900,1/10/2019,Listed
169,159900,10/9/2018,Listed
169,38000,5/9/2013,Sold
169,32300,4/23/2013,Price Changed
169,37100,1/11/2013,Relisted
169,37100,12/11/2012,Relisted
169,158800,12/14/2006,Sold
169,129900,10/3/2001,Sold
169,72000,6/23/1998,Sold
170,161200,1/17/2019,Listed
170,150000,5/3/2018,Price Changed
170,275000,4/13/2018,Relisted
170,175000,4/10/2018,Listed
170,206000,4/13/2006,Sold
170,206000,3/3/2006,Sold
170,202900,9/23/2005,Listed
170,119900,1/12/2000,Sold
171,160000,1/8/2019,Listed
171,172500,3/24/2006,Sold
172,155000,1/17/2019,Listed
173,158000,1/24/2019,Listed
174,160000,1/30/2019,Listed
174,87950,12/18/2018,Sold
174,87950,6/23/2016,Sold
174,62000,8/26/2013,Sold
174,64900,7/18/2013,Sold
174,64900,6/14/2013,Listed
174,139900,8/10/2004,Sold
174,70000,3/17/2004,Sold
175,159900,1/15/2019,Price Changed
175,169900,1/4/2019,Listed
175,24000,6/11/2008,Sold
175,140000,4/6/2006,Sold
175,45000,2/7/1997,Sold
176,156900,1/8/2019,Listed
176,138000,11/30/2017,Sold
176,19999,9/19/2010,Listed
177,160000,1/30/2019,Relisted
177,160000,11/16/2018,Listed
178,159900,10/6/2018,Listed
178,157500,2/5/2004,Sold
178,109500,12/15/2000,Sold
178,65000,10/1/1996,Sold
179,160000,1/25/2019,Listed
179,89000,3/9/2010,Sold
179,165000,7/14/2006,Sold
180,160000,2/1/2019,Listed
180,117000,6/2/2008,Sold
181,155000,1/24/2019,Listed
181,146000,3/2/2004,Sold
182,156900,1/8/2019,Listed
182,159900,11/21/2018,Listed
183,159950,1/28/2019,Price Changed
183,163000,11/5/2018,Price Changed
183,164000,10/11/2018,Listed
183,169900,6/22/2018,Listed
183,145500,2/28/2014,Price Changed
183,146000,2/12/2014,Price Changed
183,147500,12/3/2013,Price Changed
183,152500,10/31/2013,Listed
185,159900,2/6/2019,Price Changed
185,147900,12/13/2018,Listed
185,32000,5/12/2011,Sold
185,90000,2/21/2006,Sold
186,159900,1/31/2019,Price Changed
186,164900,11/26/2018,Price Changed
186,169900,10/10/2018,Listed
186,138261,10/2/2008,Sold
186,135500,2/6/2001,Sold
186,139900,9/28/2000,Listed
186,102000,9/8/1999,Sold
187,160000,1/21/2019,Listed
187,103000,2/27/2009,Sold
187,119900,3/19/2008,Listed
188,159900,1/21/2019,Listed
188,159900,11/2/2018,Price Changed
188,164900,10/6/2018,Listed
188,48000,2/17/2010,Sold
188,57500,12/16/2009,Relisted
188,69615,11/13/2009,Price Changed
188,81900,11/8/2009,Price Changed
188,89900,9/25/2009,Price Changed
189,157000,1/4/2019,Listed
189,154000,11/16/2018,Price Changed
189,158965,10/25/2018,Listed
189,159865,10/11/2018,Listed
189,164865,10/10/2018,Relisted
189,164865,10/2/2018,Price Changed
189,169865,9/20/2018,Listed
189,174865,9/17/2018,Price Changed
190,155000,1/25/2019,Listed
190,92000,6/26/2000,Sold
190,40255,11/30/1995,Sold
191,155000,1/17/2019,Listed
191,150000,1/6/2019,Price Changed
191,159900,10/9/2018,Listed
191,159900,10/5/2018,Price Changed
191,163900,9/6/2018,Listed
191,30000,11/6/2008,Sold
191,202000,4/28/2005,Sold
191,141000,3/18/2005,Sold
192,160000,2/1/2019,Listed
192,138000,3/11/2016,Sold
192,140000,2/25/2016,Sold
192,140000,1/25/2016,Listed
192,110000,10/6/2009,Sold
192,117900,6/26/2009,Price Changed
192,125000,4/4/2009,Price Changed
192,135000,3/3/2009,Listed
193,155000,1/21/2019,Listed
193,60000,1/24/2014,Relisted
193,60000,10/7/2013,Listed
193,60000,10/7/2013,Listed
193,38000,6/26/2013,Sold
193,32900,6/6/2013,Sold
193,39900,3/7/2013,Listed
194,155000,12/17/2018,Listed
195,159900,12/18/2018,Listed
196,159900,1/31/2019,Listed
197,155000,1/23/2019,Listed
197,89000,5/16/2014,Sold
197,92900,3/20/2014,Listed
197,86500,2/24/2010,Sold
197,89900,10/26/2009,Listed
197,99000,12/19/2000,Sold
197,98900,12/6/2000,Sold
197,78500,6/22/2000,Sold
198,159900,12/27/2018,Listed
198,147600,9/17/2004,Sold
198,105000,3/5/2001,Sold
199,160000,1/29/2019,Relisted
199,160000,1/7/2019,Listed
199,150000,6/7/2004,Sold
200,159900,1/15/2019,Relisted
200,159900,1/4/2019,Listed
200,64900,6/29/2009,Sold
200,64900,3/27/2009,Listed
200,160000,12/14/2004,Sold
201,159900,12/14/2018,Listed
201,157500,1/21/2004,Sold
202,155000,1/11/2019,Listed
202,156600,11/1/2005,Sold
203,160000,1/4/2019,Listed
205,160000,11/13/2018,Listed
206,158100,1/24/2019,Price Changed
206,164400,1/16/2019,Relisted
206,164400,1/8/2019,Relisted
206,180500,11/30/2018,Relisted
206,180500,11/20/2018,Relisted
206,180500,11/9/2018,Listed
206,125000,7/17/2017,Listed
207,157500,1/31/2019,Price Changed
207,160000,10/2/2018,Listed
207,152000,11/16/2017,Sold
207,152000,11/15/2017,Listed
207,126000,3/21/2006,Sold
207,58500,7/1/1993,Sold
208,160000,9/24/2018,Listed
208,164500,6/10/2005,Sold
208,129900,7/3/2002,Sold
209,155000,10/2/2018,Listed
210,159900,1/21/2019,Relisted
210,159900,11/8/2018,Listed
211,165000,2/12/2019,Listed
211,70000,10/27/2014,Sold
211,86000,9/9/2014,Listed
212,164900,2/11/2019,Listed
212,187500,10/25/2007,Sold
213,162900,2/11/2019,Listed
213,106900,8/11/2015,Listed
213,91900,1/8/2015,Price Changed
213,96900,11/25/2014,Price Changed
213,98900,11/21/2014,Listed
213,98900,11/10/2014,Price Changed
213,101900,10/27/2014,Price Changed
213,106999,10/8/2014,Listed
214,163700,2/11/2019,Listed
214,134700,2/16/2010,Listed
214,134700,2/13/2010,Price Changed
214,136700,12/21/2009,Listed
214,136700,10/12/2009,Listed
214,141000,9/1/2004,Sold
215,169900,2/13/2019,Price Changed
215,175000,2/7/2019,Listed
215,125000,1/15/2019,Sold
215,152900,4/10/2018,Sold
215,152900,3/2/2018,Listed
215,125001,1/28/2008,Sold
216,169900,2/5/2019,Listed
216,169900,1/24/2019,Listed
216,112000,12/12/2018,Sold
216,93000,7/31/2014,Sold
216,60900,8/7/2009,Sold
216,54900,6/27/2009,Listed
216,155000,10/28/2005,Sold
216,135500,4/21/2004,Sold
217,164900,2/2/2019,Listed
217,159900,4/25/2002,Sold
218,169000,2/8/2019,Relisted
218,179000,1/15/2019,Listed
218,112900,7/13/2007,Listed
219,169400,1/28/2019,Listed
219,155000,9/6/2016,Sold
219,155000,7/26/2016,Sold
219,158900,6/23/2016,Listed
219,158900,5/5/2016,Listed
219,110000,6/2/2014,Sold
219,110000,8/26/2013,Sold
219,119000,8/10/2013,Sold
220,165000,1/23/2019,Listed
220,89000,12/26/2013,Sold
220,52000,12/19/2012,Sold
220,49900,11/16/2012,Price Changed
220,54900,10/23/2012,Price Changed
220,66900,9/21/2012,Listed
220,139900,2/4/2003,Sold
221,169900,1/22/2019,Listed
222,162000,1/23/2019,Relisted
222,162000,1/21/2019,Listed
222,10000,7/24/2009,Sold
222,14900,7/6/2009,Listed
222,18500,3/11/2009,Listed
222,165000,2/25/2005,Sold
222,100500,6/25/2003,Sold
223,169900,1/8/2019,Listed
223,114900,11/21/2007,Sold
224,169000,1/14/2019,Listed
224,149000,12/10/2008,Sold
225,164500,2/12/2019,Relisted
225,164500,1/31/2019,Listed
225,129900,4/27/2017,Sold
225,133900,3/10/2017,Listed
225,149500,5/4/2004,Sold
225,149500,3/31/2004,Sold
225,149900,2/17/2004,Listed
225,86000,6/6/2000,Sold
226,167500,1/11/2019,Listed
226,167500,12/19/2018,Price Changed
226,175900,12/5/2018,Price Changed
226,184900,10/4/2018,Listed
226,179069,7/6/2005,Sold
227,169000,1/9/2019,Listed
227,158500,4/1/2005,Sold
228,164900,2/9/2019,Price Changed
228,169900,1/18/2019,Relisted
228,169900,1/4/2019,Listed
228,115250,9/28/2018,Sold
228,120000,6/27/2008,Sold
228,75000,2/14/2008,Sold
229,164900,1/26/2019,Listed
229,150000,10/23/2015,Sold
229,149000,8/17/2015,Listed
229,149900,3/10/2015,Listed
229,85000,2/10/1998,Sold
230,164900,1/4/2019,Listed
230,58830,2/18/1992,Sold
231,169900,1/24/2019,Price Changed
231,171900,1/3/2019,Listed
231,134000,1/5/2007,Sold
231,134000,5/24/2005,Sold
231,121000,4/27/2004,Sold
231,78000,2/7/2001,Sold
232,169900,2/11/2019,Price Changed
232,179900,1/3/2019,Listed
232,184900,12/19/2018,Price Changed
232,189900,12/13/2018,Price Changed
232,194900,11/14/2018,Listed
232,110441,9/21/2018,Sold
232,110442,11/15/2017,Sold
232,108500,6/18/2014,Sold
233,169900,1/3/2019,Listed
233,169900,9/20/2018,Listed
233,124900,9/23/2009,Listed
233,43500,7/8/2009,Sold
233,45000,6/1/2009,Listed
233,62900,3/7/1997,Sold
233,69000,7/31/1992,Sold
233,66500,12/14/1990,Sold
234,164900,2/11/2019,Price Changed
234,169900,1/19/2019,Price Changed
234,179000,1/2/2019,Listed
234,80000,8/27/2015,Sold
234,76000,5/15/2015,Listed
234,75000,6/24/2011,Price Changed
234,89900,6/4/2011,Listed
234,154900,9/22/2004,Sold
235,165000,1/23/2019,Listed
236,165000,1/24/2019,Listed
236,100000,3/23/2012,Sold
236,100000,2/22/2012,Sold
236,110000,12/26/2011,Listed
237,164900,2/7/2019,Relisted
237,164900,1/24/2019,Listed
237,108566,10/31/2018,Sold
237,126000,7/28/2015,Sold
237,129900,5/7/2015,Listed
237,149900,9/5/2014,Price Changed
237,149000,9/4/2014,Listed
237,94900,5/26/2011,Sold
238,164900,1/23/2019,Listed
238,103100,10/7/2004,Sold
239,165000,12/27/2018,Listed
239,34000,6/18/2010,Sold
239,44900,6/8/2010,Price Changed
239,49900,2/12/2010,Relisted
239,49900,1/5/2010,Relisted
239,49900,11/30/2009,Price Changed
239,63500,9/25/2009,Price Changed
239,69900,7/10/2009,Price Changed
240,165000,1/31/2019,Relisted
240,165000,1/21/2019,Listed
240,93000,4/30/1992,Sold
241,162500,1/16/2019,Listed
241,162500,10/30/2018,Listed
241,149000,1/11/2017,Sold
241,149000,11/29/2016,Listed
241,104000,6/2/2014,Sold
241,104000,12/23/2013,Sold
241,109900,12/12/2013,Sold
241,109900,11/22/2013,Listed
242,169800,1/24/2019,Price Changed
242,173000,1/4/2019,Price Changed
242,178000,12/13/2018,Listed
242,166500,10/6/2003,Sold
243,162000,1/14/2019,Listed
243,134900,8/2/2016,Sold
243,134900,6/27/2016,Sold
243,134900,5/6/2016,Listed
243,94900,2/19/2010,Sold
243,94900,1/15/2010,Sold
243,99900,11/23/2009,Price Changed
243,109900,11/20/2009,Price Changed
244,165000,12/8/2018,Listed
245,169900,1/12/2019,Listed
245,159900,11/29/2017,Sold
245,159900,10/2/2017,Listed
245,169900,8/23/2017,Listed
245,105000,7/2/2015,Sold
246,169900,1/11/2019,Listed
246,83500,4/1/1998,Sold
247,165000,11/17/2018,Listed
248,165000,12/3/2018,Listed
248,168900,11/2/2018,Price Changed
248,173900,10/4/2018,Relisted
248,173900,8/10/2018,Price Changed
248,179900,6/14/2018,Listed
248,122000,7/29/2011,Sold
248,129999,4/19/2011,Listed
248,139500,10/28/2010,Listed
249,165000,1/9/2019,Listed
249,145000,6/12/2006,Sold
250,169900,2/10/2019,Price Changed
250,179900,11/30/2018,Listed
250,182000,12/14/2005,Sold
251,165000,1/8/2019,Listed
251,152000,12/2/2009,Sold
251,146900,9/3/2009,Price Changed
251,147900,8/28/2009,Listed
251,147900,8/7/2009,Price Changed
251,148900,7/24/2009,Price Changed
251,149900,7/16/2009,Listed
251,90000,6/29/2009,Sold
252,165000,1/3/2019,Listed
253,169900,1/2/2019,Listed
253,93000,10/10/2018,Sold
254,169900,11/13/2018,Listed
254,164900,11/5/2014,Listed
254,153985,6/15/2010,Sold
254,175900,3/20/2009,Listed
254,205000,4/13/2006,Listed
255,167900,1/28/2019,Relisted
255,167900,1/10/2019,Price Changed
255,169900,1/6/2019,Price Changed
255,172900,11/25/2018,Price Changed
255,174900,11/14/2018,Listed
255,35873,7/11/2011,Sold
255,31269,6/7/2011,Sold
255,119900,3/23/2011,Price Changed
256,169900,11/13/2018,Listed
256,169900,11/6/2018,Price Changed
256,179900,9/28/2018,Listed
256,160000,9/6/2013,Sold
256,164900,7/18/2013,Sold
256,164900,7/16/2013,Listed
256,159900,11/20/2012,Listed
256,169500,9/2/2009,Sold
257,169900,12/21/2018,Listed
257,121500,1/29/2014,Sold
257,127500,1/11/2014,Sold
257,137500,10/14/2013,Listed
258,162500,12/21/2018,Listed
258,169900,9/15/2018,Listed
258,145900,2/2/2004,Sold
258,75000,2/16/1990,Sold
259,164900,2/7/2019,Price Changed
259,169900,10/23/2018,Listed
259,230000,11/2/2007,Sold
260,165000,2/6/2019,Relisted
260,155000,10/20/2018,Listed
261,164900,12/17/2018,Listed
261,175000,1/23/2007,Sold
261,75000,2/8/1995,Sold
262,167500,1/7/2019,Price Changed
262,169900,10/9/2018,Listed
262,164900,10/6/2018,Listed
262,174999,9/8/2018,Listed
262,97875,2/28/2006,Sold
263,165900,1/27/2019,Relisted
263,169900,11/29/2018,Price Changed
263,172000,11/20/2018,Price Changed
263,174900,10/8/2018,Listed
263,106000,10/5/2017,Sold
263,118900,8/16/2017,Price Changed
263,124900,8/14/2017,Price Changed
263,129900,7/17/2017,Price Changed
264,169900,2/8/2019,Price Changed
264,174900,12/17/2018,Price Changed
264,179900,12/7/2018,Price Changed
264,189900,10/7/2018,Listed
264,96000,5/29/1997,Sold
264,81000,9/25/1991,Sold
265,169000,9/26/2018,Listed
265,110000,8/25/2014,Sold
265,125000,6/3/2014,Listed
266,167400,1/25/2019,Relisted
266,171500,1/19/2019,Relisted
266,171500,1/12/2019,Price Changed
266,186100,1/9/2019,Relisted
266,186100,12/27/2018,Price Changed
266,196000,12/14/2018,Relisted
266,196000,12/3/2018,Listed
266,132000,7/10/2000,Sold
267,169000,9/6/2018,Listed
268,165000,11/21/2018,Listed
269,168900,2/8/2019,Price Changed
269,174900,12/5/2018,Price Changed
269,179000,11/14/2018,Listed
269,179900,4/1/2015,Listed
269,231330,1/14/2013,Sold
269,135000,8/20/2010,Sold
269,134900,2/13/2010,Price Changed
269,149900,1/7/2010,Listed
270,164900,1/23/2019,Price Changed
270,157900,11/14/2018,Listed
271,165000,8/20/2018,Listed
271,50000,9/11/2013,Sold
271,26400,10/27/2008,Sold
271,171400,1/13/2005,Sold
271,103000,8/17/2001,Sold
272,169900,2/6/2019,Price Changed
272,177900,11/1/2018,Listed
272,142500,5/9/2003,Sold
273,165000,1/22/2019,Price Changed
273,170000,12/23/2018,Price Changed
273,180000,9/14/2018,Price Changed
273,190000,8/21/2018,Price Changed
273,200000,7/12/2018,Listed
273,190000,9/16/2008,Sold
274,174900,2/11/2019,Listed
274,134200,1/22/2019,Sold
274,159900,7/1/2004,Sold
275,174900,2/8/2019,Listed
275,117000,4/10/2018,Sold
275,117000,3/16/2018,Listed
275,87000,6/16/2016,Sold
275,68000,5/19/2016,Sold
275,68000,5/2/2016,Listed
275,25900,7/7/2009,Sold
275,29900,5/8/2009,Listed
276,179900,2/7/2019,Listed
276,145000,7/28/2015,Sold
276,144900,5/20/2015,Listed
276,101900,10/21/1998,Sold
277,179900,1/18/2019,Listed
278,179900,2/6/2019,Listed
278,129900,11/22/2016,Sold
278,129900,10/12/2016,Listed
278,100200,8/6/2014,Sold
278,100200,5/27/2014,Sold
278,97000,2/24/2014,Price Changed
278,104900,2/10/2014,Price Changed
278,109000,11/8/2013,Listed
279,179900,2/4/2019,Listed
279,55000,3/18/2009,Sold
279,220000,10/24/2006,Sold
280,174900,2/1/2019,Listed
281,171000,1/31/2019,Listed
281,140000,11/15/2016,Sold
281,142500,11/4/2016,Sold
281,142500,9/16/2016,Listed
281,61800,6/21/2016,Sold
281,68100,6/5/2016,Sold
281,68100,5/5/2016,Listed
282,175000,1/30/2019,Listed
282,109250,12/1/1993,Sold
282,99000,7/31/1990,Sold
283,179900,1/28/2019,Listed
283,221861,5/9/2007,Sold
284,179900,1/25/2019,Listed
285,175000,2/5/2019,Listed
285,45000,4/18/2012,Sold
285,28000,10/15/2010,Sold
285,28000,9/14/2010,Price Changed
285,35900,9/9/2010,Price Changed
285,39900,7/13/2010,Price Changed
285,45000,6/10/2010,Listed
285,59900,5/5/2010,Price Changed
286,179900,1/23/2019,Listed
286,65000,9/15/2011,Price Changed
286,65000,9/12/2011,Sold
286,85000,4/6/2011,Price Changed
286,99500,3/23/2011,Price Changed
286,109500,11/29/2010,Price Changed
286,119500,11/4/2010,Price Changed
286,129500,10/23/2010,Price Changed
287,175000,2/7/2019,Price Changed
287,180000,1/23/2019,Listed
287,154900,5/9/2012,Sold
287,154900,4/8/2002,Listed
288,174900,1/18/2019,Listed
288,135300,7/11/2016,Sold
288,78000,8/22/2011,Sold
289,179900,1/16/2019,Listed
290,170000,1/16/2019,Listed
290,75450,5/7/1996,Sold
290,75450,1/18/1996,Listed
291,178500,2/11/2019,Relisted
291,178500,1/29/2019,Listed
292,171000,1/16/2019,Price Changed
292,179000,1/8/2019,Listed
292,39000,10/16/2013,Sold
292,39900,9/30/2013,Listed
292,39900,9/30/2013,Listed
292,49500,8/28/2012,Price Changed
292,79500,12/10/2011,Price Changed
292,49500,10/6/2011,Listed
293,174900,1/7/2019,Listed
293,174900,10/11/2018,Price Changed
293,189900,7/3/2018,Listed
293,113000,8/30/2013,Sold
293,113000,7/31/2013,Sold
293,119900,7/8/2013,Sold
293,119900,5/31/2013,Listed
294,172900,1/4/2019,Listed
294,50000,12/14/2011,Sold
294,55900,12/10/2011,Price Changed
294,59900,11/26/2011,Price Changed
294,64900,11/5/2011,Price Changed
294,69900,11/1/2011,Price Changed
294,84900,10/25/2011,Listed
294,100000,8/5/2010,Sold
295,179900,1/24/2019,Listed
295,131600,1/15/2019,Sold
295,159900,6/21/2005,Sold
296,179500,2/11/2019,Relisted
296,179500,1/23/2019,Listed
296,34000,1/30/2009,Sold
296,158000,5/26/2006,Sold
296,103000,7/30/2003,Sold
297,173000,1/22/2019,Listed
297,158200,1/17/2019,Sold
297,104900,5/4/2015,Price Changed
297,114900,4/21/2015,Price Changed
297,124900,4/9/2015,Price Changed
297,139900,2/19/2015,Listed
297,89888,2/14/2014,Price Changed
297,99888,9/20/2013,Price Changed
298,171000,2/11/2019,Relisted
298,171000,12/31/2018,Price Changed
298,175000,12/29/2018,Price Changed
298,171000,12/21/2018,Listed
299,172500,2/11/2019,Relisted
299,172500,1/17/2019,Listed
299,137000,10/9/2015,Sold
299,137000,9/3/2015,Sold
299,139000,7/30/2015,Listed
299,98000,4/29/2010,Sold
299,104900,2/17/2010,Price Changed
299,109900,2/1/2010,Listed
300,174900,1/17/2019,Listed
300,75000,7/29/2014,Sold
300,75000,6/27/2014,Sold
300,75000,4/2/2014,Listed
301,175000,12/15/2018,Listed
301,144000,8/22/2003,Sold
301,43850,12/11/1997,Sold
301,44200,4/30/1996,Sold
302,175000,1/16/2019,Listed
303,179900,1/14/2019,Listed
303,171500,10/14/2005,Sold
303,135200,4/27/2001,Sold
304,170000,1/14/2019,Listed
304,175000,6/15/2005,Sold
304,177900,2/9/2005,Listed
304,72000,9/25/1996,Sold
305,179000,1/13/2019,Listed
306,179900,2/8/2019,Relisted
306,179900,1/19/2019,Relisted
306,179900,12/7/2018,Listed
307,175000,1/11/2019,Listed
308,162000,2/7/2019,Sold
308,170000,1/11/2019,Listed
308,159000,12/15/2017,Sold
308,159000,11/11/2017,Sold
308,159000,10/26/2017,Listed
308,75471,12/15/2016,Sold
308,46000,12/8/2016,Sold
308,25000,8/10/2010,Sold
309,172000,1/30/2019,Price Changed
309,185000,1/11/2019,Listed
309,206900,8/1/2005,Sold
310,175000,1/9/2019,Listed
310,114000,5/20/2011,Sold
310,124500,4/14/2011,Price Changed
310,127900,1/17/2011,Listed
310,129900,12/3/2010,Listed
310,65130,8/20/2010,Sold
310,101000,10/18/1999,Sold
311,175000,11/30/2018,Listed
311,159500,12/27/2016,Sold
311,159500,11/4/2016,Sold
311,160000,10/2/2016,Sold
311,160000,9/12/2016,Listed
311,160000,8/17/2016,Listed
311,184900,5/9/2012,Sold
311,70495,4/25/2012,Sold
312,179900,1/8/2019,Listed
312,145000,4/17/2015,Sold
312,149900,3/11/2015,Listed
312,169900,2/6/2015,Listed
312,189900,10/27/2014,Listed
312,189900,9/26/2014,Listed
312,80778,6/13/2014,Sold
312,77430,5/9/2014,Sold
313,175000,11/27/2018,Listed
313,133500,11/2/2006,Sold
314,179900,1/7/2019,Listed
314,172900,4/20/2018,Sold
314,174900,1/12/2018,Listed
314,84000,7/21/2011,Sold
314,84000,6/16/2011,Price Changed
314,94000,3/23/2011,Price Changed
314,109000,12/30/2010,Listed
314,131000,1/14/2002,Sold
315,179900,1/4/2019,Listed
315,179900,12/10/2018,Price Changed
315,189900,12/4/2018,Price Changed
315,199900,11/16/2018,Listed
315,129900,6/17/2010,Price Changed
315,138000,12/10/2009,Listed
315,172000,8/30/2007,Sold
315,125000,1/30/2006,Sold
316,179900,1/3/2019,Listed
317,175000,12/21/2018,Listed
318,179000,12/20/2018,Listed
318,80000,4/13/1998,Sold
318,36500,3/29/1991,Sold
319,179900,1/8/2019,Relisted
319,179900,12/11/2018,Listed
320,175000,12/6/2018,Listed
321,175000,12/4/2018,Listed
321,100000,11/8/2018,Sold
321,64883,12/21/1990,Sold
322,179900,1/14/2019,Price Changed
322,185000,9/14/2018,Listed
322,138250,7/22/2011,Sold
322,135900,5/13/2011,Listed
322,181900,3/5/2010,Listed
322,181900,2/13/2010,Relisted
322,181900,10/8/2009,Listed
322,181900,7/29/2009,Listed
323,179900,11/9/2018,Listed
324,179450,2/12/2019,Price Changed
324,104900,1/8/2019,Sold
324,189900,9/6/2018,Listed
324,104900,4/25/2016,Sold
324,90000,10/26/2010,Sold
324,99000,9/16/2010,Price Changed
324,114900,3/11/2010,Listed
325,175000,1/16/2019,Relisted
325,175000,12/22/2018,Price Changed
325,199900,11/20/2018,Listed
325,109900,12/9/2004,Sold
325,84900,11/19/1999,Sold
326,175000,8/20/2018,Listed
326,64094,2/28/2017,Sold
326,61227,2/10/2017,Sold
326,110000,11/23/2015,Price Changed
326,80000,11/18/2015,Price Changed
326,84000,12/15/2014,Price Changed
326,88000,11/24/2014,Price Changed
326,95000,11/13/2014,Price Changed
327,176000,1/15/2019,Price Changed
327,178000,11/15/2018,Listed
327,159000,11/13/2018,Sold
327,140000,6/18/2015,Sold
327,140000,4/8/2015,Listed
328,172000,1/29/2019,Relisted
328,172000,1/15/2019,Price Changed
328,175000,1/10/2019,Relisted
328,175000,11/15/2018,Price Changed
328,189900,11/9/2018,Listed
328,22000,12/19/1995,Sold
330,174900,1/25/2019,Price Changed
330,180000,12/12/2018,Relisted
330,180000,11/7/2018,Listed
330,262900,1/19/2006,Sold
330,234900,1/13/2005,Sold
330,179900,4/7/2003,Sold
330,139000,10/18/2001,Sold
330,33500,2/23/1999,Sold
331,170000,1/7/2019,Price Changed
331,180000,10/29/2018,Listed
332,175000,1/17/2019,Relisted
332,175000,9/15/2018,Listed
332,175000,3/8/2007,Sold
333,171500,1/10/2019,Price Changed
333,194900,12/6/2018,Price Changed
333,204900,11/6/2018,Price Changed
333,224900,10/15/2018,Listed
334,170000,2/6/2019,Price Changed
334,185000,10/30/2018,Relisted
334,185000,5/25/2018,Listed
334,34900,2/20/1997,Sold
334,55000,4/3/1990,Sold
